|#statewaterheaters #getitin #corona #keepingpeoplesafe #plumber #pickeringtonohio new water heater swap out @ Pickerington, Ohio https://t.co/fMcPtH88m4|
|"ain't no humans outside! (corona!)" ğŸ˜‚ğŸ˜‚ğŸ˜‚ğŸ¤£ @ Cleveland, Ohio https://t.co/1i7cIsrITb|
|current weather in Corona: moderate rain, 56Â°F
71% humidity, wind 3mph, pressure 1019mb|
|Quarantine ğŸ“ training ! Adding some kicks ğŸ’¥. 
â€¢
â€¢
â€¢ 
â€¢
â€¢
â€¢
â€¢
â€¢
â€¢
â€¢ 
â€¢
â€¢

â€¢
â€¢
â€¢
â€¢
â€¢ 
â€¢
â€¢
â€¢
â€¢
â€¢
â€¢
â€¢ 
â€¢
â€¢

#pingpong  #tabletennis #fun #pingponggirl #paddle #training #player #quarantine #corona #style #skills #sportâ€¦ https://t.co/GFxT67hiGR|
|#quarantine #stockpiling #food #sexylatino #latindancer #hombre #hotguy #shirtlessguys  Iâ€™ve eaten 2 weeks of groceryâ€™s in 2 days #corona #coronamemes #funnyvideos #gaysofinstagram #gayjock #gaycomics #standupcomedyâ€¦ https://t.co/m6lFRUqI6X|
|You know you got a good friend when they send this kind of care package #2020 #corona #covid-19 #thisOurLifeNow #reefer @ Beverly Hills, California https://t.co/GLAXykLEna|
|Howâ€™s My Quarantine Going You Ask??? Well... Let these jackharlow vibes explain. â€¢
â€¢
â€¢
â€¢
#jackharlow #oncemaycomes #jaydn #sol #tiktok #tiktokdance #corona #quarantine #happy #positivevibes #dance #joy #vibesâ€¦ https://t.co/rksF1OHUzm|
|The rarest diamonds on planet Earth. The pink diamond ğŸ’• We have one more day of shopping. Online? Email us at customerservice@cardow.com 
#virginislands #usvi #love #pink #pinkdiamond #corona #sale @ Saint Thomas, USâ€¦ https://t.co/8yOpbCcVXb|
|Well one positive thing about this Corona Virus ... is that I get more time to work on my Dance Movessssssssss ğŸ•ºğŸ¿ğŸ˜­ğŸ˜‚  Huge shout out to those who came out to see us this season â€œ we are glad you came â€œ  ... Hugeâ€¦ https://t.co/YNvontO3uy|
|Quarantine Boredom? READ COMICS
DEAD WRONG page 13!
Quell your fears about the corona virus by reading a comic about a ZOMBIE VIRUS! Maybe theyâ€™ll cancel out?
And help support the comic and other art  endeavors byâ€¦ https://t.co/N5rXmccSoZ|
|Be back soon my friends #corona #cov19 #notMyVirus #quarantinefitness @ Chicago, Illinois https://t.co/prYeXugvgZ|
|Hereâ€™s a smile because I feel like we need it! â €
â €
Crazy to think this was less than two weeks ago and the words â€œCorona Virusâ€ were in the air but never did I expect it to get this crazy! â €
â €
I hope everyone isâ€¦ https://t.co/ngimPeP5q6|
|Many ask us how they can support us during all this Corona Virus craziness.   We are putting together online many options and remember deliveries are available as well. @ Cao Chocolates https://t.co/UcoxTNSDk7|
|Lunch #searchingfornormalcy #corona @ SLICE New York Pizza - Towson https://t.co/AZZ9AYjDM0|
|BenG at UCLA medical center ER getting stitches. At least itâ€™s not the corona virus like some of these other people here have. They have temporary Er triage tents in the parking garage with portable hand washingâ€¦ https://t.co/ONlO2Vhybj|
|Me and my main man @PastorChrisHill will be going live at 7pm est talkin Corona, church, people, life all of it! You want to tune in! We will be answering questions! We got to do something since we are all@locked@inâ€¦ https://t.co/ValALQG6W1|
|Thankful to share a few hours riding my Burgman 650 with my girlfriend yesterday afternoon to Atsion State Park in the Pine Barrens. Though the recreation area was closed due to the Corona Virus, we enjoyed a stopâ€¦ https://t.co/j6eZz2XeUP|
|This Corona Virus Shit has GONE TOO FAR!! They closed the Chicken Spot and the Chinese Spot. THIS IS MADNESS!!! WE'RE ALL GONNA DIE!!! #CoronaVirus #NYC #Harlem #TheHood #ChickenSpot #ChineseFood #TheWorldHasGoneMadâ€¦ https://t.co/ZkoOn14Bis|
|Itâ€™s like...I dunno any more. #corona #light @ Runyon Canyon Summit https://t.co/GqEVOKEUvg|
|I HATE this Koon @Byrdgangshoota ğŸ¤¦ğŸ¾â€â™‚ï¸ğŸ˜‚ Nigga Arguing me down about how he ainâ€™t neva had corona in em dormant or otherwise. Tryna make me put sanitizer on my hand B4 he leave me,â€¦ https://t.co/C9Di7wnF76|
|Fresh air from nature clears the lungs and mind free of people and viruses #nature #health #corona #pandemic #staywell @ San Diego, California https://t.co/KvAMPFpuTY|
|Have you all taken advantage of the â€œ Corona Virus stuck inside sale!!â€ 
All gear on sale now!!! empire_vape_supply so dont miss out on this!!! (Free shipping over $100) donâ€™t forget to mention Mister J sent ya @â€¦ https://t.co/evqPPb4q4U|
|Friends donâ€™t let friends get fat during Corona. ğŸ‘©ğŸ»â€ğŸ¤â€ğŸ‘©ğŸ¼And, they donâ€™t allow each other to go get sonicdriveinâ€™s reeses Overload Waffle Cones, no matter how hard one of them is trying to tempt the other. #Friendsâ€¦ https://t.co/iWfQSFH31H|
|Day 1 of my 30 day Corona lockdown fitness challenge! To see my tips and my struggle workout from last night tune in to the @foxsoultv Facebook page today at 4:15 pacific time/6:15 central (Dallas/Chicago ) time andâ€¦ https://t.co/LCkCCqlpoB|
|To all of our customers, friends and families. Please take note that we will be closing our doors effective today at 5pm until further notice. There are NO know cases of corona-virus At Boardman Subaru we simplyâ€¦ https://t.co/34lVM8xHYb|
|Dogs donâ€™t get corona so more snuggs for the Bug! â¤ï¸ğŸ¶â¤ï¸

Sending love to all at a virtually safe distance ğŸ˜† @ Torrance, California https://t.co/7xR07N7o4V|
|Look maâ€™, one hand!
Only 25 years since my last lesson can you tell?!
ğŸ§Ÿ
ğŸ§Ÿ
ğŸ§Ÿ
ğŸ“·@kell_mitch
ğŸ§Ÿâ€â™‚ï¸
yousician 
#corona #pianolessons #theprodigy #10khours #stayathomechallenge 
#chairmanoftheboards @ Costa Mesa, California https://t.co/SiD09T79Iv|
|We wish that ceramic coating protected us from the corona virus, we do know that it helps protect your vehicles surfaces from other things, tar, sap, UV rays and more. These pictures and video showcase Brianâ€™s 2019â€¦ https://t.co/SMD8X0tGyR|
|HEY REPORTERS ~ NOWS THE TIME TO GO HARD ON SCENE

Tons to report with corona virus taking america into the new age chemical way of living life.

#SOCIALSEPERATION 

If you have a ton to say and no one will listen.â€¦ https://t.co/szM0c3nIcE|
|Just made some homemade banana ğŸŒ bread ğŸ. It came out so yummy! With this corona situation, Iâ€™m over here making stuff homemade stuff. Send help. 
ğŸŒ
ğŸ
ğŸŒ
ğŸ
ğŸŒ
ğŸ

#foodie #foodstagram #foodgasm #foodphotographyâ€¦ https://t.co/N4bPa8mA54|
|We wish that ceramic coating protected us from the corona virus, we do know that it helps protect your vehicles surfaces from other things, tar, sap, UV rays and more. These pictures and video showcase Brianâ€™s 2019â€¦ https://t.co/PLuGGqoK8v|
|Unfortunately this was the last pic that I got in Vegas with kaliannakali ğŸ˜”.... but this is my face from all the corona virus news going on.. also shirt in picture for sale on my depop click link in my bio @ Lasâ€¦ https://t.co/0W8XeKlti3|
|Keeping busy #corona relief #socialdistancing #targetpractice #backyardboogie #merica @ Torrance, California https://t.co/CVGk21busf|
|Stay safe &amp; see yâ€™all soon ğŸŒ»ğŸŒ¼ğŸŒ¸@coyotejoesmi #spring #ladiesnight #coyotejoesmi #covid_19 #corona @ Shelby Charter Township, Michigan https://t.co/ldfGAPkrnX|
|Remember guys! Always wear protection. 
.
.
.
.
.
#trojan #condom #nyc #corona #coronatime #lol #funnyordie #meme #funnymemes #vegan #fitness #joke @ New York, New York https://t.co/sDtfxuSo57|
|Let Today Be A Blessed Day; For The World! Let's All World Wide; Pray For Those Who Caught The Corona Virus! Those That Passed; Let's Pray For There Families, That They Will Not Suffer, Of There Love Ones! 
Let Us Allâ€¦ https://t.co/AEjDGmudkw|
|Due to the growing health concerns of the Corona Virus we are temporarily closed until the ban is lifted by the Governor. Everyone stay strong and healthy we will see you on the other side! #escapegames #mammothcaveâ€¦ https://t.co/69wHqm1fGU|
|Day 3.... Corona-0, QueRona-3! Workout complete! WE WINNING!!!! ğŸ’ªğŸ¾ğŸ’ªğŸ¾ 
.
.
.
.
.

#Thursday #Thankful #Workout #shoulders #traps #delts #black #blackfitnessnow #blackfitness #ebony #ebonyfitness #ebonyfitfreaksâ€¦ https://t.co/4HkoUETLyQ|
|#WFH #corona #shelterinplace #2020 @ Bay Area https://t.co/3JBGaMBG84|
|#DonaldTrump #Discrimination #Coronavirus Trump crossed out 'corona' and replaced it with 'Chinese' in his press conference notes https://t.co/VxBN71D5Aa https://t.co/mBXE9ZKVmS|
|Hopefully Soon Ass This Corona Virus ğŸ¦  Bullshit Die Down!!! Me ghavalli @Im_TurntUp &amp; Cast Gon Bring You All A #Classic Here n Detroit!!! #DetroitMade ğŸ¥ #Infatuated  Coming Soon!! We Had To Switch It A Lil S/Oâ€¦ https://t.co/S6ivMccrV6|
|Staying busy. 
.
.
.
.
.
.
.
.
.
.
.
.
#coronavirus #corona #quarantine #selfquarantine #stayathome #workfromhome #purplerain #prince #meehanscocktailmanual #leonardcohen #youwantitdarker #homemadechili #chiliâ€¦ https://t.co/guAzP8CvzV|
|Corona NY Thu Mar 19th PM Forecast: TONIGHT Partly Cloudy Lo 31 SATURDAY Sunny Hi 41|
|This tickled my funny bone. #CoronaVirus #Corona #CoronaMemes @ Cherry Hill, New Jersey https://t.co/okeYmXmlnx|
|Social distancing after work...  with vodka. Sun, pool, music and plenty of vodka.   #socialdistancing #florida #corona #vodka #coronavirus #melbourne @ Melbourne Beach, Florida https://t.co/piDw3Dkzel|
|Itâ€™s Almost Aries Season â™ˆï¸ 3/26 â€¼ï¸â€¼ï¸â€¼ï¸ Get Ready For All The Shenanigans &amp; Bullshit ! FUCK THE CORONA ğŸ¦   #Aries #TeamAries #AllSeason #BeardGang #Beard #LongTongue @ Pontiac, Michigan https://t.co/Z3fUIBZaTX|
|Spend time with people, not devices!!  Perfect time to disconnect and enjoy your own company and the company of those you hold close ... #QuarantineJenny @ Corona, California https://t.co/SaJlPY3bbp|
|Reposted from juangreatfiesta Still OPEN #montebello #socialdistancing #smallbusiness #tacos #burritos #salsa #la #whittier #losangeles #togo #takeout #corona #coronavirus #quarantine #open #food #mexicanfoodâ€¦ https://t.co/aN8q9K0Psn|
|This is rush-hour on I-80 West.
The 4:35 P.M. Martz bus is a coveted bus...that was until Corona. @ I-80 Westbound https://t.co/3rqgMyPraB|
|#Repost cristi_christensen
ãƒ»ãƒ»ãƒ»
Take that Corona Virus â€¼ï¸
.
Even as shit is getting REAL we have to find positive outlets for expression! To feel all that we feel and to move the energy out!  This is a clip of fromâ€¦ https://t.co/5KIDPjrToE|
|A WORD ABOUT SELF-CARE - 

The corona virus is impacting all of us.  Particularly now, we may be experiencing fear and uncertainty.  I choose to use this time to go within, meditate more, exercise, particularly yogaâ€¦ https://t.co/U2rA4pNMlm|
|My guy @onetonuno and yours truly got some heat otwâ€¼ï¸ğŸ˜¤ğŸ”¥ #tiktok #corona #explore #viral #dance #music #instagood #artistsoninstagram #bestoftheday #edits #goodvibes #healthylifestyle #donaldtrump #love #modelsnycâ€¦ https://t.co/S2jaMBnfRL|
|Now that spring is here, despite all the corona virus hysteria. 

Where are you traveling to next!?

#travelbloggers #traveloften #travelblogger #travel #blog #blogger #spring #springbreak2020 #daydreamingâ€¦ https://t.co/FUaB7tqdIK|
|Ohhh #corona @ Nassau County, New York https://t.co/rx3qkhHu9T|
|We CAN do this, Portland! ğŸ’ªğŸ» In an effort to keep you guys inside, safe and properly hydrated, the Portland Beer Hub will bring the beer to you. ğŸš— ğŸº Donâ€™t worry, Corona wonâ€™t be included. Youâ€™ll get two curated fourâ€¦ https://t.co/SHqyWkOnGU|
|Health and fitness. #corona #quarintine #damnit #heathbar #cereal #augmentedreality #bebrave @ New York, New York https://t.co/W8S5LkQy7Y|
|#Repost mcshakielive with make_repost
ãƒ»ãƒ»ãƒ»
Yes @godjblacknmild has passed from Corona related complications but at the familyâ€™s request I have not posted anything and anyone that did they are asking that you delete itâ€¦ https://t.co/64J6bgDfBo|
|Ready to feel the energy again.... corona be gone!!!!!!
#readytoplay #drums #drummer #drummersofinstagram #drumlife @ AT&amp;T Stadium https://t.co/ZpI4RGal3U|
|This picture is from a time the history books will call PC...pre corona ğŸ¦ ğŸŒˆ #TBT #FIP #LowTea #HelpMe @ Fire Island Pines, New York https://t.co/smyJodXHiv|
|You all know this is true ğŸ¤£

#corona #covid_19 #chickfila #thelordschicken #quarentine #socialdistancing @ Chick-fil-A Maple &amp; Ridge, West Wichita https://t.co/Mf6VoPHZpv|
|Antidote to Corona fears: FOCUS ON THE POSITIVE! I am over the moon to be able to share this news: My student, lili.ostojicgibson ( started w/ me when she was 9) JUST GOT INTO JUILLIARD!!!!  And yes, they actuallyâ€¦ https://t.co/ojNebHKNLb|
|Theirs only room for one of us Corona Virus, I was here first ğŸ‘ŠğŸ¼ğŸ’¢ğŸ’¨ New Early 2000 RnB mix on the way to vibe in this rain, stay tuned â˜”ï¸ğŸ¶ #SelfIsolationDJ #Serato #DJVirusLA #Quarantine @ Los Angeles, California https://t.co/WYGlyj08aC|
|The pups are I will be spending a lot of time in the woods until this Corona virus subsides. @ Fishermans Park https://t.co/UFPXi3LG5c|
|Corona who? https://t.co/VRJuZvGoaV|
|From #2000 - a hidden gem of #Italy, the Sanctuario Madonna della Corona (Sanctuary of the Lady of the Crown) built into the cliffs of Mount #Baldo. #travel #churchesofintsagram #throwbackthursday @ Norfolk, Virginia https://t.co/75ZpQCnPc6|
|â€œGirl Seeking Refuge in Magnolia Treeâ€ #corona #loveinthetimeofcorona #pandemic @ Bethesda, Maryland https://t.co/NsBjIekzfA|
|Instrument....

#corona #quarantine #isolation #mode #mood #vibes #viral #soul #goodvibes #love #beautiful #bestoftheday #instagood #insta #space #cabinfever #solo #calm #healthylifestyle #relax #release #anxietyâ€¦ https://t.co/GzTJ9dVCpF|
|While I am showing no signs of Corona Virus but I am self quarantined and sanitizing from the inside out. @ Duluth, Georgia https://t.co/xKCtfOMZhD|
|Time for some quarantine cookies ğŸ˜ğŸ˜ 
.
.
.
.
.
.
@sweetmarthas @livetrack29 #covid_19 #corona #quarantineandchill #quarentinecookies @ Track 29 City Apartments https://t.co/YMtu3k9Voo|
|Friends, I wanted to pass along this screenshot a good friend of mine sent me concerning the corona virus and recent economic upheaval because of it. Iâ€™ve spent a lot of the last few days checking in with a bunch ofâ€¦ https://t.co/u3f6su5EvY|
|Music is enforcing the Stafford Act and supports isolation and being quarantined and that nobody should be outside spreading dat damn Corona shit ğŸ¥´ğŸ˜·ğŸ¤¢ğŸ¤®ğŸ¤§ğŸ¤• #safetyfirst #coronavirus #neighborhoodwatch #dmvâ€¦ https://t.co/pzemk3KBTS|
|Corona virus approved activities at the Glass House!  #COVID19 #backtobasics #puzzlesrock #winelife #deerfootwinery #staycationfunwiththewife @ Wyomissing Park, Reading https://t.co/svGv8mIDWR|
|Whew!!!  This corona shit has me working to hard @ Mount Pleasant, South Carolina https://t.co/BXv11fvatU|
|Garage door with cat flap? #corona #socialdistancing #eveningwalk @ Beloit, Wisconsin https://t.co/8RZ1K7WckT|
|Had the privilege to do this mural at Taqueria Jalisco in beautiful Roswell, N.M
#supportlocal#together#corona#mexicanfood#mural#chicanoart#mexicanart#blessedandunstoppable#roswell#newmexico#eddiemacias @ Roswell,â€¦ https://t.co/LE9hW3SwFV|
|Corona Virus had me disrespectful in Boston
@WHOISLYF @ Boston, Massachusetts https://t.co/VE62wfd7hw|
|We can tour in groups of 10 or less! Donâ€™t let COVID-19 stop you from planning your 2020 or 2021 wedding! Book a tour today! bellaroselynchburg  west_manor thebedfordcolumns entwinedevents #covid19 #coronaâ€¦ https://t.co/OzowIsRmxa|
|In protest of the coronavirus, Bert is sanitizing the doors while smoking a #BellaCarmella #corona! ğŸšª

On a lighter note buy any box of #PappyVanWinkle #cigars and receive a FREE roll of toilet paper, impossible toâ€¦ https://t.co/c4EDA6M1Cn|
|back to school, corona style. @ Centerville, Utah https://t.co/bxzpsAfPWF|
|When I see someone cough!  
#corona #prowrestling @ Indianapolis, Indiana https://t.co/k1g33f2DyY|
|Drinking a Corona Familiar by @GrupoModelo_MX @ Providence â€” https://t.co/85uJsAVyr4|
|Be my quarintine and dance with me ğŸ’ƒ ğŸ¶ 
â€¢
â€¢
â€¢
#hiphop #rnb #pop #love #rap #dubstep #instagood #beat #beats #jam #nyc #party #partymusic #newsong #mogul #corona #producer#businessman #brooklyn #photooftheday #bumpinâ€¦ https://t.co/j0QKmuviHq|
|Are you bored?
.
.
.
.
#bored #housearrest #home #corona #virus #staysafe #havefun #tiktok #followme @ Los Angeles, California https://t.co/tpS9TLrMXC|
|NEE VIDEO OUT NOW 
So if youâ€™d please go n Subscribe to HUNTER IS GONE. Iâ€™m tryin to get that clout before Corona wipes us out, ya diiigg. Slide the Sub, and check out â€œCoronaVirus In Californiaâ€ and yea you can betâ€¦ https://t.co/JRusfzsfF9|
|Smoking with the neighbor. Quarantined and bbqâ€™d. 

#smoke #southgeorgia #food #southernliving #georgia #love #friends #corona #quarantine @ Denton, Georgia https://t.co/zh85JPgnMG|
|Chef Keena at your service.... Waffle by hubby and banana fosters by moi! ğŸŒâ¤ï¸ #bananasfoster #soeasy #chefboyardee #homechef #yummy #hashtagqueen #fromstrach #hashtag #instamood #darona #corona #newjob @ North Westâ€¦ https://t.co/AuhVm2IqRh|
|#tbt to #MardiGras a few weeks back while we were all catching the #corona 
.
.
.
#nycphotographer #neworleans #nola #streetphotographers #limbo #bourbonstreet #neworleansphotographer #bourbonst #travelphotographyâ€¦ https://t.co/AEGgCnfP1n|
|#TBT to when dining-in was a thing. #thosewerethedays #newnormal #corona #mychicagopix @ RPM Seafood https://t.co/4nhD8RfJdA|
|@1tybandz #BandNation is this facts... ğŸ¤¦ğŸ¾â€â™‚ï¸ğŸ¤£ #Wipemedown #broner #corona #media #wild #midsouthmktnpr #midsouthmktpr #LETmePRyou #SOUNDoftheCITY #music #media #discoveratl #atl #atlanta #producer #dj #radio #a3câ€¦ https://t.co/46jfEK1GZe|
|How is @anytimefitness on Route 228 in #Cranberry #Township still #open? 

#corona #virus #2020 @ Anytime Fitness https://t.co/z4XAiuhYj4|
|For when regular Corona no longer provides the same thrill, #chocolatecorona @ New York, New York https://t.co/y5pyb12vsB|
|wishing â€œcoronaâ€ only referred to a refreshing beverage... 
.
keep up the social distancing, sanitation, and self quarantining. weâ€™ll make it thruough this if we all do it together ğŸŒ¸ @ Montgomery Village, Maryland https://t.co/ngwnqaQLhL|
|No gym no weights no problem 
Warm up with something like jumping jacks
Body circuit
Squats
Lunges
Air squat jumps
Finish off with pushups 
Tricep dips
#nogymnoproblem #nogym #workoutfromhome #nyc #corona #stayhomeâ€¦ https://t.co/XTkt0pzbah|
|Me at the grocery store earlier in the juice aisle https://t.co/3SBIVAKFUV|
|Unfortunately strip clubs in Atlanta Georgia are closed until further notice. ğŸ˜”

@StripperAtlanta

#boohoo #sadtimes #whattodo #pray #strippergods #corona #atl #virus #epidemic #stripclubs #fuk @ Atlanta, Georgia https://t.co/3zr5pR0Dun|
|So this script is under tight #nondisclosureagreements itâ€™s a high budget w/deal in place &amp; I just revised rewrote 40 pages &amp; its #fuckinfantastic Iâ€™m directing too!  So people use this #corona time toâ€¦ https://t.co/IIFl6FCA7q|
|Corona Sunsets ğŸŒ… @ Southeast Portland, Portland https://t.co/8YjZnLKupj|
|Wanna hear about coping strategies, art, climate change and pleasure in Corona Times? Join me tonight on LIVE at 9 pm PT. @jennyyangtv @LayelFish57 mtilsen dharma_homie_t @mayalhassen and more!!! @ Oakland, California https://t.co/GaSwCo0BcF|
|Keeps the Corona away - Drinking a Vladimir Gluten by @melvinbrewing at @melvinbrewing  â€” https://t.co/7NAece4LS8|
|Corona Closed. #COVID19 #CoronaVirus https://t.co/jrRqkNWClD|
|Be thankful for the little things #corona #thankful #spring @ Kansas City, Missouri https://t.co/v9whjtpzQV|
|Snacking social distancing #corona #quarantine #snacks cheezit @ Chicago, Illinois https://t.co/RVsXAiZnVY|
|BREAKING NEWS: Senator Cardi B came after Trump to remind him â€œitâ€™s realâ€. ğŸ˜‚ğŸ˜‚ğŸ˜‚. iamcardib @realDonaldTrump punk ass
#corona @ Times Square, New York City https://t.co/syLGmJJk8o|
|We can pull through this! We gotta keep loving and supporting each other during these uncertain times.â¤

#corona #healthylifestyle #heart #love #supportsmallbusiness #elijahrock #entertainer #lasvegas #vegas #jazzâ€¦ https://t.co/YT7W0k35uq|
|Books in the ether: online libraries and resources  https://t.co/G2HQPO5aGy|
|Corona donâ€™t stand a chance! Just cleaned and loaded some of my heavy hitters! Sitting on over 5,000 rounds! I think Iâ€™ll be ok! #secondamendment #righttobeararms #blinkys @ Everywhere, USA https://t.co/nMlB8KNJnP|
|sÊ‡uÇÉ¯oÉ¯ pÄ±puÉÆ†
Mood during all this mass hysteria over Ms. Corona : ğŸ™…ğŸ½â€â™‚ï¸ 
In the meantime, during day 3 of quarantine, ğŸ…²ğŸ…»ğŸ…¸ğŸ…²ğŸ…º ğŸ†ƒğŸ…·ğŸ…´ ğŸ…»ğŸ…¸ğŸ…½ğŸ…º ğŸ…¸ğŸ…½ ğŸ…¼ğŸ†ˆ ğŸ…±ğŸ…¸ğŸ…¾ &amp; listen/buy/stream/download â€œğ“¢ğ“µğ“²ğ“­ğ“® ğ“£ğ“±ğ“»ğ“¾â€ x @marcuswzup &amp; yours trulyâ€¦ https://t.co/b9RgFTfdjw|
|Yeup, I'm pretty sure that we have enough toilet paper, diapers and mask to last for at least 6 months!
On a positive note,.. at least the masks don't make my butt look big. ğŸ˜ŠğŸ‘
#quarantine #corona #dogmomlifeğŸ¾ğŸ¶â€¦ https://t.co/6gI1IBcSUQ|
|ğˆ.Different Approaches in 2020ğŸ’°. ğˆğˆ. Consistent action is Key
ğˆğˆğˆ. (All Cards are corona freeğŸ˜) @ Uptown in Charlotte, NC https://t.co/bO8IqhMUi5|
|Death by abortion continues in spite of the COVID-19 threat at Planned Parenthood centers across Georgia, this is the Atlanta Planned Parenthood. "Sadly, the threat of Corona hasnâ€™t slowed down the slaughter ofâ€¦ https://t.co/p20Nr6ew6G|
|Maintaining social distancing by grabbing these pics of the Cherry Blossoms from my car, since we could all use some nice scenery in the midst of these irregular times #flattenthecurve #washyourhands #corona @ Tidalâ€¦ https://t.co/OpITEZDbcv|
|Take that corona... whatever the crap your name is. #meat#yes2meat #ribeye#ketocarnivore #nsng#lchf#carnivore @ Morristown, Tennessee https://t.co/F5nX4dI8TV|
|My office, staying at home, helping Stop the Corona Virus, working from home! @ Huntington Beach, California https://t.co/Dke33Oc9MD|
|Corona Crew 2020....3 days of shenanigans....love my SWA family...even in the hardest times...we â€œtryâ€ to have fun!! ğŸ’™â¤ï¸ğŸ’›âœˆï¸ğŸ˜· @southwestair @ Southwest Airlines https://t.co/Of1UCyBr0T|
|Corona CA Thu Mar 19th PM Forecast: TONIGHT Chance Of T-Storm Lo 42 FRIDAY Partly Cloudy Hi 62|
|Stay safe 10 or less in this #corona mess!  Hereâ€™s an update on the property!
If youâ€™re looking to buy, sell or invest in real estate give me a call! #4433925029
#justinguest #sellingmaryland #marylandsrealtorâ€¦ https://t.co/67fkoaG0De|
|COMMUNITY OVER CORONA #Repost marketdistricttally with @get_repost
ãƒ»ãƒ»ãƒ»
Keep Calm &amp; Carry On â€” Support Small Business #communityovercorona #themarketdistrict #shoplocal #tallahassee @ Metro Barber https://t.co/BA4jMO0c43|
|Old. Iâ€™m currently stuck in the house because of Ms.Corona @ Wharton, Texas https://t.co/NCdWVBtCHu|
|Iâ€™m workin still like fuck the corona virus ğŸ¦ ğŸ–•ğŸ¿ #NOTIMETOWASTE #ONALLPLATFORMS ğŸ˜ğŸ˜.. Until then go hit that link and stream #LOVELOSTğŸ’” ON ALL PLATFORMSâ—ğŸ’¯ğŸ™ shoutout unitedmasters ğŸ’¯
Â·
Â·
Â·
Â·
Â·
Â·
Â·
#WARNING I'Mâ€¦ https://t.co/OwsFDsEtFu|
|#LiveStreamMusic FrankB attempting a show, corona https://t.co/GMhFdLn9o0 #Rock #Folk|
|It's strange out there. #corona #virus #CoronavirusUS #covid_19 #covÄ±d19 #viral #pandemic @ Downtown Indianapolis https://t.co/iIsq2RtnzS|
|Canâ€™t believe this dumbass corona bitch is trying to cancel my birthdayğŸ¥´ @ Miami, Florida https://t.co/DNLmGPpL8C|
|Corona said â€œyou can run but you canâ€™t hide.â€ So, I ran and hid. @ Lake Daniel Greenway https://t.co/aEyfft279m|
|remember when we could go to museums. Had so much fun seeing this really great show, and especially this Orozco, with @garycruzstudio weeks ago. #VidaAmericana at @whitneymuseum - itâ€™s so good; go see it post-coronaâ€¦ https://t.co/76CdtV8REU|
|Floating Corona virus process. Swipe for the results.. #draw #drawing #sketching #dontstealmyshit #tattoo #tattooing #ink #inkjunkies #inkdoneright #dfwtattoos #dallastattooshops #rockwalltattooshopsâ€¦ https://t.co/FPQ9lONZMx|
|Government: Please stay isolated for your safety of the corona virus

Me: @ Chicago, IL https://t.co/asRakIN7kr|
|Kids gone I'm officially unbothered ready for the corona quarantine vacation jammin &amp; cooking for my ancestors!  Un morro de arroz con longaniza w a side of habichuela pinta! Some real dominican shit right there!â€¦ https://t.co/QCGlahsJHl|
|Midnight lil bihâ—ï¸ğŸ”¥ğŸ”¥ğŸ”¥ NO TIME TO WASTE.. not a second not a minuteâ€¼ï¸ğŸ’¯â˜ğŸ¿Iâ€™m workin like fuck the corona virus ğŸ¦ ğŸ–•ğŸ¿ #NoTimeToWaste #ONALLPLATFORMS 12midnightğŸ˜ğŸ˜.. Until then go hit that link and stream #LOVELOSTğŸ’” ON ALLâ€¦ https://t.co/wXFrMwci56|
|@BrielleStarre #Nobody Streaming on all platforms! #Linkinbio #corona #quarantine #quarantini #singer #miami @ Daytona Beach, Florida https://t.co/M7jGcKq4Kf|
|Corona lay-off day 3: Classic Lasagna #quarantinelife @ Renton, Washington https://t.co/9xIKvWtBp4|
|â€œCOLDERâ€ should i shoot this video next??? @ Corona, California https://t.co/vzEN1COs1e|
|#tbt to Pyramid lake last Sunday. If I can't DJ right now, I might as well fly fishğŸ£ while I still canğŸ¥´. The trip was definitely a nice break away from the current situation with the corona virus. Plus, I got to tryâ€¦ https://t.co/hpAV4i7UJH|
|Growing roots like this tree #home #quarentine #miamibeach  #venetianisles #venatianway #stayhome #curfew #sunset #dusk #dusktilldawn  #corona #trees #treehugger @miamibeachnews @cityofmiami @ Miami Beach, Florida https://t.co/HRPIgsCdxE|
|#LiveStreamMusic Steveeolio corona blues https://t.co/Ne3U6ykQl5 #Jazz #Blues|
|IF WE WAS KIDS!!! CORONA COULDN'T STOP US!!!#brandonshortyrice #theshortyshow #funnyshorty #realtalk #blessed4real #provemewrong #laughingisfunny #bicycle #funtimes #cardnials #cornavirus #cantstopus @ Nashville,â€¦ https://t.co/CBlVyGO31h|
|.
ğŸ‘†ğŸ¾ClickFollow &amp;/or a â€œğŸ˜‚â€ğŸ‘†ğŸ¾ 
#DM to 5 people for a shout-out. ğŸ˜‚ğŸ‘ğŸ¾
.
#EatHealthy #eathealthyfood #salad #salads 
.
Upcoming Shows:
-They are normally posted here but #TheRona #aka as the following - #Coronaâ€¦ https://t.co/3iHPhVFERq|
|My evening run. Feels a little more apocalyptic every day. #corona #coronağŸº @ New York, New York https://t.co/gVVSfqLOVk|
|The fight is already won. I've got something Extra on my side.

#corona #coronaextra #fightfirewithfire @ Washington D.C. https://t.co/rhUeaae5sO|
|The antidote for the Corona virus. Good ole fashioned homemade chicken soup @ Mali Ramos Home Inspections https://t.co/wZInZG5GX7|
|Check on your friends in healthcare. We are not ok. 
.
.
.
#corona #coronavirus #covid_19 #healthcare #healthcareprofessional #losingit #champs #jellybeans #stresseating #stayhome #washyourhands #rhobh @ Abbyâ€¦ https://t.co/UMtZOhuaQA|
|Wanna stop me?

#corona #coronamemes #freedom #housearrest #ainthappening @ Texas https://t.co/OSaWyHRtbi|
|I heard @drinkbibs is delivering! ğŸ¤”ğŸ˜…ğŸ’ªğŸ¾ğŸ’¯ğŸ™ŒğŸ¾ğŸ™ŒğŸ¾

Posted withregram â€¢ @drinkbibs Corona or no Corona......... We know you need a drink to ease the pain! Tired of being at the house all day with the kids? Tired or socialâ€¦ https://t.co/d76VOimI77|
|Iâ€™ll be on Hotepish tonight with my boy @dwannb tune in for a good time 

repost @dwannb
ãƒ»ãƒ»ãƒ»
Tonight we are talking everything Corona virus.  If you are worried and hysterical about it please donâ€™t tune in.  But asâ€¦ https://t.co/UwDVMDQrue|
|Coming at you live from Dark Matter Studio B/The Corona Stream Room presented by @corona tomorrow 8PM CST at https://t.co/CVDvAR5PbX #tunein #welive #Corona #Coronavirus #ShitGettingReal #StayHome #Livestreamâ€¦ https://t.co/gO9zWMbjTb|
|In times of need, we hold onto the threads that comfort us. Music wise, An American Symphony by michaelkamenfan grounds me to the spirit, pain, and hope of our union. We will get through this together. #corona @â€¦ https://t.co/oimHP5fXct|
|With all of the gyms closing due to the #coronavirus ğŸ¥´ my workout with spencer_james_crockett looked a little different tonight!! How are you staying active during the Corona Virus shutdown?!
.
Also be sure to shopâ€¦ https://t.co/eORpSIxek1|
|Due to the corona virus situation, the State of Illinois is allowing us to provide in-person pick up, curbside pick up and home deliveries. We are delivering to the following zip codes: 60630, 60641, 60634, 60618,â€¦ https://t.co/EFccW4x5Lx|
|Looks like thereâ€™s gonna be a whole lotta this going on for the foreseeable future.  Glad I finally found a simple game that I can play!  #corona #covid_19 #xbox #hometheater #gaming #mancave @ Cool Geekz https://t.co/1ob6MYkwE5|
|Be gone corona be gone bad virus bad virus. Be gone corona virus. Bad bad bad ğŸ˜¤. Just gotta have a firm hand ğŸ’ªğŸ’ªğŸ’ª. Bad virus. #cannabis #vape #epilepsy #homeless #homelessness #losangeles #wshh #worldstarâ€¦ https://t.co/IrHHklKUte|
|Due to the Corona Virus we sadly close our shop for the time being. Wishing everyone good health and the Wisdom to deal with this correctly, unitedly in order to eradicate this Pandemic. Tell our public officials toâ€¦ https://t.co/veffcZCl7s|
|@Sleepy_Chi Early release due to Corona. https://t.co/fokhH6fEHY|
|Took a walk today &amp; saw this posted on #Theater80 on #SaintMarksPlace #jazzhands #socialdistancing #keepcalm #strangedays #corona @ Theatre 80 https://t.co/Q7AT6xYP8n|
|Just went for a drive down the #LasVegas #strip and saw all these people!!!??! #corona #usa #flatenthecurve #coronavirus @ Las Vegas On The Strip https://t.co/8qgmFf5ecK|
|Are you affected by this Corona Virus? During these unfortunate times, many people are losing their regular income, whether they had a Job or are Business owners who DEPEND on "People Equity" (Staff). 
.
I never useâ€¦ https://t.co/FztOr3XuH7|
|Disinfecting and writing âœï¸ offer. Just say no to Corona ğŸ§»ğŸ§»ğŸ§»ğŸ¦ ğŸ™‹ğŸ½â€â™‚ï¸â¤ï¸â¤ï¸â¤ï¸ #whataboutbob #bobtorresproperties #writingoffer #staysafe #wewillsurvivethis #realtor #broker #ilovebrownsvilletx #supportlocalbusinesses @â€¦ https://t.co/Re9xVH439h|
|mask for sanding... not corona... #finalcountdown #prep #paint #repeat #timeforchange #life #stillgrateful @ Boonton, New Jersey https://t.co/injlfZQmiz|
|Though he misses many of his friends, life still happens in The Age of Corona. Showing off his new do.
Thank you @usersname for the groovy groom! ğŸ˜Š
.
.
#barnabynyc #barnaby #nycdoodles #fluffpuff #BarnabyNYCâ€¦ https://t.co/CtF28YjaYi|
|#Hope. First #orchid #spike in almost four years. #covid19 #corona #shelterinplace @ San Francisco, California https://t.co/WN8XiYibQL|
|#Rona got ppl outchea going crazy over paper products ğŸ¤¦ğŸ¾â€â™‚ï¸ 
#Corona #Coronavirus #Pandemic #ToiletPaper #fight #lol #laughing #lmao #rotfl @ Winn-Dixie https://t.co/FtZTBSZLKV|
|Yepâ€”drinking Double IPAs can be a â€œRisky Business!â€ But, sometimes you have to say, What the Floc?!

Surviving Corona Virus 1 beer at a time! Stay thirsty my friends ğŸ»
.
.
.
#liquidhero #liquidherobreweryâ€¦ https://t.co/pW2VEwEoSU|
|Dang you corona! Iâ€™m stuck with my hooman.... Iâ€™m kinda sick of her already..... Just kidding mommy I wuv you .... ğŸ˜ğŸ¥°ğŸ˜˜ @ Bonney Lake, Washington https://t.co/OQO1pQRvQo|
|New Canaan is ready for Covid -19 testing tomorrow!  Appointments are required. This town is the best #covid_19 #corona #coronavirus #newcanaan #helpingothersâ€¦ https://t.co/1vgsPkaf9T|
|Corona!! Go suck yuh Mada everyday day and every night! Please and thank you!
#newriddim #mixdone #lab #flstudio #flgang #lethalbeat @ Miami, Florida https://t.co/AZ5SJXSL3c|
|#thebaylorprojectchallenge #coronaviruschallenge ğŸ”¥ğŸ”¥ğŸ”¥ğŸ¶ Wow!!! Talented bassist August Bish is so creative and took @BaylorProject â€œSit On Downâ€ Corona Virus Challenge to another level! #Repostâ€¦ https://t.co/byY35RjaJj|
|Just about time for poly . #poly #tennessee #clarksvilletn #hi #business #as #usual #coke #pepsi #corona #covid_19 #trump #popington #kregjig #dewalt #nails #rustic #taco #dirtbike #bike #car #truck #puppy #liveâ€¦ https://t.co/9WRcTbuaXQ|
|PeopleğŸš¨certainlyğŸš¯ğŸ¤¬not take these Corona virus lightly @ Fort Worth, Texas https://t.co/1MhJqR3lfy|
|No corona virus ğŸ¦  here but I do have #coronitas #beerğŸ» #cheers #stayhome #chill #relax #enjoytheride #loveyoumybeautifulfamily @ Home + Treasures https://t.co/ex2jdNXiMx|
|When a client comes in during this Corona crisisğŸ¤£
For a minute, I thought we were being robbed...lol

#salonrenee_tewksbury #coronamemes #crazy #funny @ SALON RENEE https://t.co/LH7zckz6rY|
|#thebaylorprojectchallenge #coronaviruschallenge ğŸ”¥ğŸ”¥ğŸ”¥ğŸ¶ Wow!!! Talented bassist August Bish is so creative and took @BaylorProject â€œSit On Downâ€ Corona Virus Challenge to another level! #Repostâ€¦ https://t.co/GwQvMMijbO|
|#corona #oiloncanvas #wip #nervezero #jorgepadron #jorgeopadron #idahofallsoilpainter @ Ammon, Idaho https://t.co/LUbUru0QhV|
|yarashahidi 180 @foxla abcnews blackishabc @funnyblackdude1 @kevinhart4real @BridgetIMalcolm @clairecottrill @corona @ House of Pies https://t.co/yHNhjucwse|
|â­ï¸ğŸ¦ â­ï¸ğŸ¦ â­ï¸BlakOWNÂ®Your CoronaFree Tees! ORDER NOW! https://t.co/1ZszbBVhsa #rw #RallyWINÂ® #corona #coronafree #tees #tshirt #blakownÂ® #coronatees @kidcapri101 @kayoticinc kriteriyon @llcoolj @shaq @magicjohnson @coronaâ€¦ https://t.co/1MuETF5jo5|
|Day ? Of quarantine...
.
.
.
#birb #quarantine #corona #coronamemes #stircrazy #cabinfever #socialdistancing #birdsofinstagram #budgie #budgiebird #parakeet #fid @ Philadelphia, Pennsylvania https://t.co/HicJdF4WNG|
|Time for a makeover  @curbsidechef. We cant wait to be out again after this Corona is over. @ Orlando, Florida https://t.co/L1Y082h4N7|
|So the governor Gavin Newsom says half of the Population of California could be infected with the corona virus? So is this my last street clip until they find a cure for the coronavirus? Stay safe family &amp; friendsâ€¦ https://t.co/6zum8qiPoM|
|Due to the Corona Virus our industry is suffering at an incredible rate. We are an independently family owned business. And our employees are part of our family and we care about each one deeply. 

In these uncertainâ€¦ https://t.co/THI9mHMFwf|
|My best score yet! I had to take out my corona aggression!! #beatcovid @ TITLE Boxing Club Ballwin https://t.co/UJvnHE0aTq|
|Corona: 7:01pm: sunset|
|Poor Daisy... Frank has no concept of #socialdistancing (he has his own bed right next to hers ğŸ˜†) ğŸ¶â¤ï¸ğŸ¶ #dogmom #dogmomlife #dogsofinstagram #doglife #bassethound #oldladydog #bulldog #bulldogpuppy #corona #quarantineâ€¦ https://t.co/vLM0SPXmog|
|Grad photos for jonnanawhatsmyname ğŸ“

With how crazy things have been due to the corona virus, I wanna adress I am still doing photo shoots for anyone who is still looking to book one, to everyone who already had aâ€¦ https://t.co/R5caum1ngM|
|current weather in Corona: moderate rain, 52Â°F
62% humidity, wind 7mph, pressure 1020mb|
|current weather in Corona: light rain, 52Â°F
76% humidity, wind 5mph, pressure 1020mb|
|Here we have senorsimcoe and tech1206 fighting #corona @kcbcbeer with 6â€™ of social distance, 6â€ beards and #6MMB #thesixmostmetalbreweries #thatsmetal #kcbc #kcbcbeer #kingscountybrewerscollective #bushwickâ€¦ https://t.co/NN5psqWuRF|
|Is corona really stopping my brovas and Sistas from clapping cheeksğŸ¤”ğŸ˜‚ğŸ˜‚ if so...... WHAT THE FUCK IS HIV TO YOU NIGGASğŸ˜‚ğŸ˜­ğŸ˜­ yâ€™all should of been stopped if yâ€™all was really scared ğŸ˜‚ #corona @ Corona Fit Body Boot Camp https://t.co/o2Rt4E9Hm6|
|Now I know why my cat has a daily routine. To keep himself sane.

â€œWhat dud you do today?â€
â€œâ€˜Dud,â€™ exactly.â€

#corona #coronamemes #coronavirus #coronavirusmemes #dailythoughts #spring2019 #thissucks #bored #catâ€¦ https://t.co/nGp6Lys92Y|
|So I know this #quarantine is starting to get me...I saw this on #disneyplus and thought â€œwell I wonder what it got on @imdb ?â€ #seriously #corona #virus #disney #gforce #gforceofficial #gforce4life @ Hartford,â€¦ https://t.co/B6G3zzqWM6|
|Corona socks! #coronasucks #corona #positive #mustache #socks #coronasocks #showmeyoursocks #silly @ Franklin, Tennessee https://t.co/8guCV343MM|
|Iâ€™ll take the Corona virus any day rather than to deal with this dude here! Where is my nullifier when I need it? (Only comicbook geeks will understand)ğŸ˜‚ @ Liberty City https://t.co/1jaRN4uxrN|
|Well, Spring Break 2020 didn't go as planned for anyone! Are you #teamlivingroom or #teambedroom ? #springbreak2020 #covid #corona #quarantine #Louisville @ Louisville, Kentucky https://t.co/rOlyL5ts9m|
|The Office meets the global Covid-19 reactions! theofficenbc #corona #covid_19 #quarintine @ Metairie, Louisiana https://t.co/jZexOdAW2P|
|Jumping on the Corona band wagon. 
.
#coronamemes #corona #coronanights @ Venice, Florida https://t.co/6JRHeoMlNn|
|You are the dancing queen, young and sweet, stuck in quarantine! ğŸ’ƒğŸ½ğŸ˜·
#Covid19 #Covid #CoronaVirus #Corona #Rona19 #QuarantineAndChill #QuarantineVibes #WashYourHands #ğŸ˜· @ Los Angeles, California https://t.co/DkibNPU7Ix|
|ğŸ¤¦â€â™‚ï¸ğŸ¤¦â€â™‚ï¸ğŸ¤¦â€â™‚ï¸Tom Brady wearing a damn pirate costume i cant believe it....First corona virus now this ğŸ¤¢ğŸ¤¢ğŸ¤¢ #tombrady #tombradymemes #imissnfl #nflfootball #wtfisthis #cantbelieveit #goats tombrady @ New York, New York https://t.co/zyPesciR6V|
|Always talking to Mike about spending more quality together, but is not quite what I had in mind lol! 
@itsmikehill #quarantine #corona #CHill #stayhome @ Porter Ranch, Los Angeles https://t.co/AgASh5olmS|
|TGIF: LETS GO. ğŸ™†ğŸ¿â€â™‚ï¸ğŸ™†ğŸ¿â€â™‚ï¸Anticipating the weekend doesnâ€™t quite feel the same. Thereâ€™s a lot of new norms to adjust to in age of #corona. Please be safe. #socialdistancing #weekend #weekendvibes #instagram #instagoodâ€¦ https://t.co/mQWYXChzkC|
|Making the best of a lock down situation. BBQ with bubble machine. #everythingsbetterwithbubbles #corona #shelterinplace #halp @ Aptos, California https://t.co/IDpaQTcZe6|
|Just messing around with some solo ideas... I call this one "La Cuarentena" â˜ºï¸ğŸ˜·ğŸ™

#drums #drum #drummer #drumming #drumcam #drumsolo #drumbeat #quarantine #corona #corona2020 #drumfam #drummingco #drummersofinstagramâ€¦ https://t.co/r6e3McdIUF|
|Wow ğŸ˜®! So we are going to the next level, looks like we staying home L.A Lets pull together, be kind to each other letâ€™s kill Corona @JohnCampbellMac #killcorona #pulltogether #wegotthis @ Los Angeles, California https://t.co/KmmpvKXr4W|
|PHOTOSHOOT MARCH 28, 2020
~~
FEMALE MODELS WANTED!! F@%K Corona!! ~~
~~
Our RSM Style Team is doing a fashion shoot with a standard and plus-size model.
~~
~~
Inbox us your headshots and full body shots here orâ€¦ https://t.co/kLuPmLw956|
|CALIFORNIA:    STAY AT HOME ORDER.  Click on the link for information.                                https://t.co/MHEwN1vSLE @ Los Angeles, California https://t.co/pE4J52rYkW|
|Day 4 of the Corona Crisis.
We will get through this we have a lot to be thankful for.
#trusttheprocess
#believebyfaithnotbysight @ Eatontown, New Jersey https://t.co/nKKf6xMPT9|
|Welcome back class.  Todayâ€™s lessons: conservation - we do NOT leave the Clorox wipes or the Corona cake Tupperware open...home economics - how to cook a hotdog, and no, donâ€™t ask why the water turns pink...timeâ€¦ https://t.co/l96QMVQ7B9|
|Stay safe, mi gente. #covid_19 #covÄ±d19 #drevil #austinpowers #WASHYOURFUCKINGHANDS @ Corona, California https://t.co/FSDqn6bJ4w|
|I was right too spend all the money I had on a motel room for a few days as soon as the corona lockdown first started in LA. Homeless and now the real shelter in place order out across cali just happened. Don't knowâ€¦ https://t.co/5aNdgiLf1U|
|Corona quarantine day 4... jog, quick workout, made some salsa, got school email back and running, took a few selfies with kids, grilled steaks, and last is how I feel!! #besafe #bekind #followtherules @ Cleburne,â€¦ https://t.co/nwouC0qMYQ|
|Okaayyyy I'm  Reloaded!!!!!!!!!!ğŸ§»ğŸ§»ğŸ§»ğŸ§»ğŸ˜‚ğŸ˜‚ğŸ˜‚ğŸ˜‚ğŸ˜‚ğŸ˜‚ğŸ˜‚ğŸ˜‚ğŸ˜‚
.
.
#2020 #covid_19 #corona #video #titostarr #downdaroad #downdaroadent #downdaroadboyz #followforfollowback #likeforlikes @ Maryland https://t.co/MNZmRRubc0|
|It's getting real #Birdbox #Quietplace out here ... #ItsCoronaTime #covid_19 #Rona #Corona #coronavirus @ Houston, Texas https://t.co/UZYLHkdc3Q|
|"We can't stop here... this is corona country!"
.
#TheGreatAmericanQuarantine #Quarantine #WhatNow? #Panic #MassPanic #Coronavirus #COVID_19 #UnitedStatesOfPanic #ThingsFeelWayDifferent #GoodVibes to #FreeForAll...â€¦ https://t.co/AhD0eZZSN9|
|@chefjoseandres #chefjoseandres @thinkfoodgroup wckitchen #coronavirus #thenewnormal #covid_19 #corona #washingtondc #photojournalism #epaphotos @epaphotos #canon @canonusaimaging @ Washington D.C. https://t.co/Nom6KbKR0Y|
|Corona ballin , what you boys know about that ğŸ’µğŸ’µğŸ’µğŸ’µğŸ’µğŸ’µğŸ’µğŸ’µğŸ’µğŸ’µğŸ’µğŸ’µ
#gphatz #phatz #361 #southtexrep #southtexrepresenter #instagood #instagram #instamusic #newmusicalert #spotify #applemusic #itunesmusic #itunes #newepâ€¦ https://t.co/bXOlkuuIs7|
|The cure for corona

#coronavirus #shitisreal #blog #blogger #quarentine @ Fort Worth, Texas https://t.co/4lgimab6Ux|
|Lmmfao #webseries #lgbtblogger #gaywebseries #cardib #corona #coronavirus #chapter2 #chapter2thewebseries #ariecanproductions @ Baltimore, Maryland https://t.co/UCJglzvreC|
|Today, Trump, again, made a point of using the term â€œChinese virus.â€ Even worse, his notes shows â€œcoronaâ€ crossed out and replaced with â€œChineseâ€ as he spoke from the briefing room. I donâ€™t want to talk about hisâ€¦ https://t.co/NdmIbKtQ7S|
|A very Corona birthday, without the beer. I love my family so much - even the technically challenged made the effort ğŸ¥°!  #coronalife  #zoom @ East Village, Manhattan https://t.co/PCV08foOqf|
|So my daughter says sheâ€™s proud of me because Corona has got me cooking again.  Tonightâ€™s dinner was Curry Chicken and white rice. @ Staten Island, New York https://t.co/0SA3yNdK0t|
|ğŸ¥¶ğŸ¥¶ğŸ¥¶ğŸ¥¶ğŸ¥¶
__peterpinnock class is GOAT!!
I want totake Your Class soon.But Corona says "Noooo"ğŸ¤¦ğŸ»
I wanna hold his class someday in JapanğŸ¤˜ğŸ¤˜

ğŸ¥ @kendawg_ 

#dance #kmdanceacademy 
#peterpinnockchoreography 
#jeneaikoâ€¦ https://t.co/V5Ph6DeJ4c|
|Found out today that I was laid off for the next month give or take. So I guess I get to do everything that I have been pushing off doing. Better start on my to do lists! #iwillmakeit #todolist #layoff #coronaâ€¦ https://t.co/IaDjpL82BT|
|If fighting The Corona Virus was outfit. They won! @ East New York, Brooklyn https://t.co/Y6128jwQo1|
|Big #Jeep rolling with the lil homieğŸ¾ #corona WHO??? ğŸ¤£ @ San Bernardino, California https://t.co/CnYhv4wCLU|
|ğŸ’¥ğŸ’¥ğŸ’¥SUPPORT SMALL BUSINESS DURING THE CORONA VIRUS OUTBREAK â€¼ï¸â€¼ï¸Repost from @sweetbkbar
â€¢
FREE RUM PUNCH!!!
(Cause you deserve it ğŸ¤‘ğŸ˜‰) phone orders available 
+
*SHARE SHARE SHARE SHARE*
Get your [FREE] Rum Punchâ€¦ https://t.co/LWP9IBt43V|
|Ready...Set...Donâ€™t Go................ 
â€¢
â€¢
â€¢
â€¢
â€¢
#corona #lockdown #stop #light #red #yellow #green #black #photography #ootd #lit #cool #fun #polaroid #flex #awesome #art #instagood #99 #beautiful #youngactorâ€¦ https://t.co/zIk8q9yt4Q|
|First free Corona-cation Concert is tomorrow, 8pm! One camera pooped out today, replacement to arrive by 3:30, we'll see! 2nd show is Saturday with @senators_music. 7pm #brianchartrandmusic #ottod #liveonlineâ€¦ https://t.co/Z6ZT8kQQPf|
|I have a few days to spare might as well get my life in order by organizing my @sheathunderwear underwear and random socks. Ok, whatâ€™s next...ğŸ¤”ğŸ¤·ğŸ¿â€â™‚ï¸

#HardworkDedication #VictoryMMA #Organization #Corona #Quarantineâ€¦ https://t.co/owyn06WStY|
|CHINGS BRINGS..... I BRING YOU CORONA VIRUS!!!!!! Be SCARED BECAUSE YOU ARE THE BITCH!!!! Donâ€™t BELIEVE THE HYPE!!!!!!! STUPID MOTHER FUCKERS!!!! @ Corona, California https://t.co/HdD04PxMo6|
|#nailedit #cauliflower #hotwings #vegan #cookbook thugkitchen 
Plus #cattax #SamusTheCat #quarantine #corona time #shutin # å…¨å“¡ #ã²ãã“ã‚‚ã‚Š @ Long Beach, California https://t.co/6FRSw4Qh3t|
|â€œI Enjoy Chewing On Bully Sticks, Every Now And Thenâ€    #lockdown2020 #corona #chewingonbullysticks #doglife #dogsoninstagram #thingstodo #flatenthecurve #chicago @ Bucktown, Chicago https://t.co/vkmpRHeAgB|
|I am here in support through FaceTime or Skype to talk, relieve anxiety, and help you stay healthy. DM me if youâ€™d like to set up a time. 
.
.
.
.
.
.
.
#stayhealthy #covid_19 #corona #stressrelief #anxiety @ Threeâ€¦ https://t.co/v1iFTzNut0|
|We get the job done. We still opened daily. 
.
#eastatlantavillage #littlfivepoints #corona #samedayservice #atl #money #hustlehard #hbcu @ Gangsta Grillz Atl https://t.co/PlvfvKqXbA|
|Most of our gigs have been canceled because of the corona virus situation, but that does not mean that we can not sing for you through a streaming concert. So, that is what we are going to do on Saturday, 3/21/20 atâ€¦ https://t.co/zaok7ITO7f|
|Most of our gigs have been canceled because of the corona virus situation, but that does not mean that we can not sing for you through a streaming concert. So, that is what we are going to do on Saturday, 3/21/20 atâ€¦ https://t.co/OMdtYz0HHK|
|KEEP THAT CORONA VIRUS SHIT UP AND SEE WHAT HAPPENS!!!! I SAY GOVERNMENT NEEDS TO SIT THE FUCK DOWN!!! Or ELSE TO GOT GANGSTERS PARADISE!!!!!! DUMBMUTHERMUCKERS NEXT TIME BETTER RETHINK THAT SHIT!!!!! @ Albuquerque,â€¦ https://t.co/NK3fyM5qhf|
|Oh boy! We clowns are sure funny! 
#corona #coronavirus #clowns #clownfear #clownfearmovie #lionsgatefilms #tayloranddodge #it #it2 #humor #sanitizer #covid_19 #staysafe #quarantine #crazytimes @ Losâ€¦ https://t.co/TYFeBBGjZi|
|Stepped out on the town tonight for a little reminder before we go into #corona shutdown. Stay chill everyone. Wash your hands. Use flowers in your beak masks. #coronamemes @ Elk Grove, California https://t.co/V7ctWc3BIJ|
|Winter Switchbacks :: Corona Time add lime ğŸ¤£ğŸ¤£ #stayindoors #winter #chillin #chillaxin #maximumeffort #beauty #snow #snowing #colorado #droning #droneoftheday #mavicpro #mavicprozoom #mavicpro2 #beauty #landscapeâ€¦ https://t.co/iXIFW3qMmU|
|$$ HMU IN MY DM. LOCAL &amp; OUT OF STATE DELIVERY! PAYPAL ACCEPTED ETC. #comeandtakeit #toiletpapercrisis #corona #supportsmallbusiness #local #sanantonio #alamo @ San Antonio, Texas https://t.co/mQxf8mkPnR|
|Art in the Time of Corona ğŸ§¿ @ Art Against All https://t.co/LBnRIgFTqb|
|The only thing Iâ€™ve physically interacted with that has legs besides my wife since Sunday night #quietleather #leathercraft #etsy #corona #coronavirusmemesğŸ˜‚ğŸ˜‚ğŸ˜‚ #usps @ Quiet Leather Works https://t.co/AvsBhfrtlW|
|NON-CONTACT INFRARED DIGITAL BODY THERMOMETER.
.
.
.
.
#corona #coronavirus #virus #thermometer #fever #temp #staystrong #stayhealthy #baby #bodythermometer #besafe #california #sanfrancisco #sandiego @ Los Angeles,â€¦ https://t.co/EGSPEojBhI|
|Wow ğŸ˜®! So we are going to the next level, looks like we staying home L.A Lets pull together, be kind to each other letâ€™s kill Corona @johncampbellest killcorona #pulltogether #wegotthis @ Los Angeles, California https://t.co/f8xlccnjo2|
|ğŸ¥“ BACON ğŸ§€ CHEESE BURGER ğŸ” BUNZ IZ THE VERY BEST!!!!!!! Still open !!! DONT GIVE A FUCK ABOUT NO CORONA VIRUS!!!! We GOTTA EAT IR ELSE WE WILL DIE ANYWAY!!!! Why starve??? WE DELIVER THE BEEF RIGHT TO YOUR DOORâ€¦ https://t.co/mpuqjLZaER|
|MY NEW CUP #corona  #coronavirus #covid_19 #trump #chicago @ WESTSIDE!!!!! https://t.co/s8MLr2hchz|
|Whoâ€™s behind the ğŸ¦  .
.
.
ğŸ˜³ğŸ§».
.
.
#realmvp #corona #coronamemes #toiletpapercrisis @ Texas https://t.co/pyH0eeeIuF|
|Wow! Didnâ€™t see that curve cominğŸ˜³. Itâ€™s okay though, we can do this. 
#tlcbyg #corona  #virus  #quarantine #classof2020 @ SoCal https://t.co/n43fK685Ys|
|Since You Mofo's Can't Understand How Serious This Corona Virus Pandemic REALLY MEANS!!!! STOP BEING PENDEJOS AND PENDEJAS! YOU MAY SURVIVE BUT YOU CAN SPREAD IT TO YOUR LOVED ONES ANDâ€¦ https://t.co/2LGH9oPRlX|
|If you had information on how to kill the corona virus would you pay for it?ğŸ˜· I can help.

 Drop email.ğŸ‹

 Comment yes or no.
.
.
.
ğŸŠ@divaladyt2010ğŸŠ
ğŸŠ@divaladyt2010ğŸŠ
ğŸŠ@divaladyt2010ğŸŠ
.
.
.
#doctor #doctors #pathologyâ€¦ https://t.co/Bo8YliBT8a|
|Even though the corona messed up my normal Thursday plans at the brewery, they had a drive thru option and I still got my funky dunky on tap. #bestieshotgun #CraftNotCrap ğŸ»â¤ï¸ @ Fredonia Brewery https://t.co/zxNuxmgVk7|
|This weekend is a big weekend in the RoyalÃ© household. Itâ€™s my Duchess keisha_12bel birthday weekend. Corona has forced me to change my plans. But itâ€™s all good. Tonight we quarantine, tomorrow we celebrate...â€¦ https://t.co/B7z2lZfgvB|
|â€œIâ€™m the cribğŸ  plotting them first millionsğŸ’°â€ğŸ”¥ğŸ”¥ğŸ”¥ NO TIME TO WASTE.. not a second not a minuteâ€¼ï¸ğŸ’¯â˜ğŸ¿Iâ€™m workin like fuck the corona virus ğŸ¦ ğŸ–•ğŸ¿ #NoTimeToWaste ON ALL PLATFORMSâ€¼ï¸ shoutout unitedmastersâ€¦ https://t.co/m7XmvF5G3B|
|A mix of photos I took on different days this week showing the daily life in NYC while the Coronavirus is taking over the world. Be safe everyone and please stay home. Itâ€™s your chance to do some cool shit. #coronaâ€¦ https://t.co/5GXw2VEEYv|
|You after a long day of being self-quarantined, and I'm normally not a dessert person, but I had a craving for cheesecake. Yes...I know I'll probably be up all night with the sugar intake...

#covid_19 
#corona @â€¦ https://t.co/aFcTq84djj|
|Shanti at Corona Beach !! @ Corona Beach https://t.co/onOr609caR|
|All my gigs got cancelled this month but I can still make videos and play music ğŸ¤˜ğŸ¤˜ğŸ¤˜ Iâ€™m also suffering from serious Jiu jitsu withdrawals... Thanks Corona. #hunterhavokk #schecter #schecterlife #ernieballâ€¦ https://t.co/SgkaHpnC2s|
|Yay! Corona virus relief fund! Thank you, Lord. @ Pomona, California https://t.co/hcyQeL2rlF|
|Day 5 of quarantine: ğŸ¦ ğŸ•ºğŸ½ğŸ¶ #BigBeardComedy #lol #LOL #comediandavidcolbert #corona #coronavirus @ Petland https://t.co/L2mtM8pZUt|
